<?xml version="1.0" encoding="UTF-8"?>
<config xmlns="http://www.knime.org/2008/09/XMLConfig" xmlns:xsi="http://www.w3.org/2001/XMLSchema-instance" xsi:schemaLocation="http://www.knime.org/2008/09/XMLConfig http://www.knime.org/XMLConfig_2008_09.xsd" key="MiningSchema">
<config key="learning">
<entry key="array-size" type="xint" value="44"/>
<entry key="0" type="xstring" value="LLEGAR[]"/>
<entry key="1" type="xstring" value="PARKING[]"/>
<entry key="2" type="xstring" value="APARCAMIENTO[]"/>
<entry key="3" type="xstring" value="ASEGURABAN[]"/>
<entry key="4" type="xstring" value="CONTRATADAS[]"/>
<entry key="5" type="xstring" value="AMABILIDAD[]"/>
<entry key="6" type="xstring" value="FACILIDAD[]"/>
<entry key="7" type="xstring" value="RESERVA[]"/>
<entry key="8" type="xstring" value="TIEMPO[]"/>
<entry key="9" type="xstring" value="CONTRATADO[]"/>
<entry key="10" type="xstring" value="ESPERANDO[]"/>
<entry key="11" type="xstring" value="MENUS[]"/>
<entry key="12" type="xstring" value="PRECIO[]"/>
<entry key="13" type="xstring" value="INSTALACIONES[]"/>
<entry key="14" type="xstring" value="LOCALIZAR[]"/>
<entry key="15" type="xstring" value="ENCONTRAR[]"/>
<entry key="16" type="xstring" value="EMISION[]"/>
<entry key="17" type="xstring" value="CANJEAR[]"/>
<entry key="18" type="xstring" value="CONTRATAR[]"/>
<entry key="19" type="xstring" value="FALTA[]"/>
<entry key="20" type="xstring" value="LLEVO[]"/>
<entry key="21" type="xstring" value="INFORMACION[]"/>
<entry key="22" type="xstring" value="CONTRATO[]"/>
<entry key="23" type="xstring" value="LLEGADA[]"/>
<entry key="24" type="xstring" value="APARCAR[]"/>
<entry key="25" type="xstring" value="INTERESANTE[]"/>
<entry key="26" type="xstring" value="LLEGUE[]"/>
<entry key="27" type="xstring" value="PUNTOS[]"/>
<entry key="28" type="xstring" value="PUNTO[]"/>
<entry key="29" type="xstring" value="ASEGURARME[]"/>
<entry key="30" type="xstring" value="COMPROBAR[]"/>
<entry key="31" type="xstring" value="LLEGO[]"/>
<entry key="32" type="xstring" value="ESTACIONAMIENTO[]"/>
<entry key="33" type="xstring" value="CONTRATABAS[]"/>
<entry key="34" type="xstring" value="RESERVABA[]"/>
<entry key="35" type="xstring" value="RESERVARLO[]"/>
<entry key="36" type="xstring" value="RESERVADO[]"/>
<entry key="37" type="xstring" value="RESERVAR[]"/>
<entry key="38" type="xstring" value="ANTELACION[]"/>
<entry key="39" type="xstring" value="ESPERAR[]"/>
<entry key="40" type="xstring" value="EXCESIVA[]"/>
<entry key="41" type="xstring" value="REDUZCO[]"/>
<entry key="42" type="xstring" value="ASEGURATE[]"/>
<entry key="43" type="xstring" value="VINIENDO[]"/>
</config>
<config key="target">
<entry key="array-size" type="xint" value="1"/>
<entry key="0" type="xstring" value="Document class"/>
</config>
</config>
